Day,Energy_Produced_Wh
,
12/23/2015 0:00,29916
,
12/24/2015 0:00,32043
,
12/25/2015 0:00,32043
,
12/26/2015 0:00,32043
,
12/27/2015 0:00,32043
,
12/28/2015 0:00,32043
,
12/29/2015 0:00,32043
,
12/30/2015 0:00,32043
,
12/31/2015 0:00,34034
,
1/1/2016 0:00,36022
,
1/2/2016 0:00,27655
,
1/3/2016 0:00,26620
,
1/4/2016 0:00,15476
,
1/5/2016 0:00,3356
,
1/6/2016 0:00,13372
,
1/7/2016 0:00,19378
,
1/8/2016 0:00,36845
,
1/9/2016 0:00,25660
,
1/10/2016 0:00,18353
,
1/11/2016 0:00,27795
,
1/12/2016 0:00,39515
,
1/13/2016 0:00,31033
,
1/14/2016 0:00,32339
,
1/15/2016 0:00,11413
,
1/16/2016 0:00,31995
,
1/17/2016 0:00,34933
,
1/18/2016 0:00,16294
,
1/19/2016 0:00,24781
,
1/20/2016 0:00,35566
,
1/21/2016 0:00,35066
,
1/22/2016 0:00,30192
,
1/23/2016 0:00,19928
,
1/24/2016 0:00,38282
,
1/25/2016 0:00,40444
,
1/26/2016 0:00,41727
,
1/27/2016 0:00,24794
,
1/28/2016 0:00,40998
,
1/29/2016 0:00,37045
,
1/30/2016 0:00,19580
,
1/31/2016 0:00,7895
,
2/1/2016 0:00,42981
,
2/2/2016 0:00,43405
,
2/3/2016 0:00,43208
,
2/4/2016 0:00,43593
,
2/5/2016 0:00,43155
,
2/6/2016 0:00,43941
,
2/7/2016 0:00,43843
,
2/8/2016 0:00,43575
,
2/9/2016 0:00,43535
,
2/10/2016 0:00,39980
,
2/11/2016 0:00,44573
,
2/12/2016 0:00,44302
,
2/13/2016 0:00,43272
,
2/14/2016 0:00,44716
,
2/15/2016 0:00,44471
,
2/16/2016 0:00,45333
,
2/17/2016 0:00,37906
,
2/18/2016 0:00,32587
,
2/19/2016 0:00,47256
,
2/20/2016 0:00,47220
,
2/21/2016 0:00,47961
,
2/22/2016 0:00,48302
,
2/23/2016 0:00,44791
,
2/24/2016 0:00,48164
,
2/25/2016 0:00,48180
,
2/26/2016 0:00,44346
,
2/27/2016 0:00,48551
,
2/28/2016 0:00,44879
,
2/29/2016 0:00,46564
,
3/1/2016 0:00,48187
,
3/2/2016 0:00,45889
,
3/3/2016 0:00,36600
,
3/4/2016 0:00,41598
,
3/5/2016 0:00,35886
,
3/6/2016 0:00,38594
,
3/7/2016 0:00,29286
,
3/8/2016 0:00,52675
,
3/9/2016 0:00,50456
,
3/10/2016 0:00,44219
,
3/11/2016 0:00,30710
,
3/12/2016 0:00,44556
,
3/13/2016 0:00,41979
,
3/14/2016 0:00,38795
,
3/15/2016 0:00,52842
,
3/16/2016 0:00,52567
,
3/17/2016 0:00,52762
,
3/18/2016 0:00,49968
,
3/19/2016 0:00,48330
,
3/20/2016 0:00,46429
,
3/21/2016 0:00,38292
,
3/22/2016 0:00,51303
,
3/23/2016 0:00,55551
,
3/24/2016 0:00,55583
,
3/25/2016 0:00,53785
,
3/26/2016 0:00,54827
,
3/27/2016 0:00,51118
,
3/28/2016 0:00,28534
,
3/29/2016 0:00,48830
,
3/30/2016 0:00,53427
,
3/31/2016 0:00,56153
,
4/1/2016 0:00,55302
,
4/2/2016 0:00,56707
,
4/3/2016 0:00,56355
,
4/4/2016 0:00,57165
,
4/5/2016 0:00,48733
,
4/6/2016 0:00,40238
,
4/7/2016 0:00,9693
,
4/8/2016 0:00,24098
,
4/9/2016 0:00,23876
,
4/10/2016 0:00,40950
,
4/11/2016 0:00,38031
,
4/12/2016 0:00,50593
,
4/13/2016 0:00,51098
,
4/14/2016 0:00,55594
,
4/15/2016 0:00,58478
,
4/16/2016 0:00,59462
,
4/17/2016 0:00,59182
,
4/18/2016 0:00,58893
,
4/19/2016 0:00,57821
,
4/20/2016 0:00,59272
,
4/21/2016 0:00,58745
,
4/22/2016 0:00,57414
,
4/23/2016 0:00,60077
,
4/24/2016 0:00,53647
,
4/25/2016 0:00,46268
,
4/26/2016 0:00,59248
,
4/27/2016 0:00,57534
,
4/28/2016 0:00,48691
,
4/29/2016 0:00,53823
,
4/30/2016 0:00,48656
,
5/1/2016 0:00,43821
,
5/2/2016 0:00,54520
,
5/3/2016 0:00,55842
,
5/4/2016 0:00,35520
,
5/5/2016 0:00,27407
,
5/6/2016 0:00,38795
,
5/7/2016 0:00,46790
,
5/8/2016 0:00,54768
,
5/9/2016 0:00,48580
,
5/10/2016 0:00,44069
,
5/11/2016 0:00,44210
,
5/12/2016 0:00,50650
,
5/13/2016 0:00,50464
,
5/14/2016 0:00,14893
,
5/15/2016 0:00,41702
,
5/16/2016 0:00,24939
,
5/17/2016 0:00,15628
,
5/18/2016 0:00,36687
,
5/19/2016 0:00,45471
,
5/20/2016 0:00,50058
,
5/21/2016 0:00,53079
,
5/22/2016 0:00,59094
,
5/23/2016 0:00,55615
,
5/24/2016 0:00,47714
,
5/25/2016 0:00,55986
,
5/26/2016 0:00,44848
,
5/27/2016 0:00,37392
,
5/28/2016 0:00,23869
,
5/29/2016 0:00,22418
,
5/30/2016 0:00,37307
,
5/31/2016 0:00,15761
,
6/1/2016 0:00,32401
,
6/2/2016 0:00,61102
,
6/3/2016 0:00,59505
,
6/4/2016 0:00,58329
,
6/5/2016 0:00,46626
,
6/6/2016 0:00,49154
,
6/7/2016 0:00,39143
,
6/8/2016 0:00,52835
,
6/9/2016 0:00,36836
,
6/10/2016 0:00,47037
,
6/11/2016 0:00,14456
,
6/12/2016 0:00,43830
,
6/13/2016 0:00,40674
,
6/14/2016 0:00,34886
,
6/15/2016 0:00,59918
,
6/16/2016 0:00,61489
,
6/17/2016 0:00,60514
,
6/18/2016 0:00,42018
,
6/19/2016 0:00,59118
,
6/20/2016 0:00,58006
,
6/21/2016 0:00,33782
,
6/22/2016 0:00,58514
,
6/23/2016 0:00,60796
,
6/24/2016 0:00,58363
,
6/25/2016 0:00,59301
,
6/26/2016 0:00,58254
,
6/27/2016 0:00,57297
,
6/28/2016 0:00,59207
,
6/29/2016 0:00,58818
,
6/30/2016 0:00,57235
,
7/1/2016 0:00,49605
,
7/2/2016 0:00,56850
,
7/3/2016 0:00,48942
,
7/4/2016 0:00,51149
,
7/5/2016 0:00,59098
,
7/6/2016 0:00,55538
,
7/7/2016 0:00,58260
,
7/8/2016 0:00,59862
,
7/9/2016 0:00,59788
,
7/10/2016 0:00,58815
,
7/11/2016 0:00,60781
,
7/12/2016 0:00,59935
,
7/13/2016 0:00,58318
,
7/14/2016 0:00,58337
,
7/15/2016 0:00,58143
,
7/16/2016 0:00,57924
,
7/17/2016 0:00,57373
,
7/18/2016 0:00,58300
,
7/19/2016 0:00,57653
,
7/20/2016 0:00,56105
,
7/21/2016 0:00,56763
,
7/22/2016 0:00,57228
,
7/23/2016 0:00,56821
,
7/24/2016 0:00,55749
,
7/25/2016 0:00,37959
,
7/26/2016 0:00,55935
,
7/27/2016 0:00,55236
,
7/28/2016 0:00,54586
,
7/29/2016 0:00,54221
,
7/30/2016 0:00,51127
,
7/31/2016 0:00,53723
,
8/1/2016 0:00,55387
,
8/2/2016 0:00,51453
,
8/3/2016 0:00,53937
,
8/4/2016 0:00,53988
,
8/5/2016 0:00,39479
,
8/6/2016 0:00,34505
,
8/7/2016 0:00,49944
,
8/8/2016 0:00,29318
,
8/9/2016 0:00,58076
,
8/10/2016 0:00,57247
,
8/11/2016 0:00,54358
,
8/12/2016 0:00,53444
,
8/13/2016 0:00,54631
,
8/14/2016 0:00,54508
,
8/15/2016 0:00,55090
,
8/16/2016 0:00,54766
,
8/17/2016 0:00,54980
,
8/18/2016 0:00,53928
,
8/19/2016 0:00,54263
,
8/20/2016 0:00,52397
,
8/21/2016 0:00,52532
,
8/22/2016 0:00,54794
,
8/23/2016 0:00,48398
,
8/24/2016 0:00,50934
,
8/25/2016 0:00,52792
,
8/26/2016 0:00,48174
,
8/27/2016 0:00,33686
,
8/28/2016 0:00,50903
,
8/29/2016 0:00,50161
,
8/30/2016 0:00,51397
,
8/31/2016 0:00,50061
,
9/1/2016 0:00,41801
,
9/2/2016 0:00,48945
,
9/3/2016 0:00,50258
,
9/4/2016 0:00,45376
,
9/5/2016 0:00,50672
,
9/6/2016 0:00,51561
,
9/7/2016 0:00,39191
,
9/8/2016 0:00,48076
,
9/9/2016 0:00,52113
,
9/10/2016 0:00,50019
,
9/11/2016 0:00,46745
,
9/12/2016 0:00,29681
,
9/13/2016 0:00,38302
,
9/14/2016 0:00,52908
,
9/15/2016 0:00,52271
,
9/16/2016 0:00,50736
,
9/17/2016 0:00,47757
,
9/18/2016 0:00,49667
,
9/19/2016 0:00,20897
,
9/20/2016 0:00,8992
,
9/21/2016 0:00,30351
,
9/22/2016 0:00,42539
,
9/23/2016 0:00,50932
,
9/24/2016 0:00,50851
,
9/25/2016 0:00,50178
,
9/26/2016 0:00,45611
,
9/27/2016 0:00,29125
,
9/28/2016 0:00,46385
,
9/29/2016 0:00,47263
,
9/30/2016 0:00,47506
,
10/1/2016 0:00,48004
,
10/2/2016 0:00,46667
,
10/3/2016 0:00,48557
,
10/4/2016 0:00,43383
,
10/5/2016 0:00,45559
,
10/6/2016 0:00,47708
,
10/7/2016 0:00,45986
,
10/8/2016 0:00,46853
,
10/9/2016 0:00,43818
,
10/10/2016 0:00,44528
,
10/11/2016 0:00,22229
,
10/12/2016 0:00,28433
,
10/13/2016 0:00,45768
,
10/14/2016 0:00,41884
,
10/15/2016 0:00,39645
,
10/16/2016 0:00,34963
,
10/17/2016 0:00,21779
,
10/18/2016 0:00,42582
,
10/19/2016 0:00,43888
,
10/20/2016 0:00,43611
,
10/21/2016 0:00,43571
,
10/22/2016 0:00,43641
,
10/23/2016 0:00,15368
,
10/24/2016 0:00,12667
,
10/25/2016 0:00,42074
,
10/26/2016 0:00,40946
,
10/27/2016 0:00,23303
,
10/28/2016 0:00,21349
,
10/29/2016 0:00,33751
,
10/30/2016 0:00,16405
,
10/31/2016 0:00,31505
,
11/1/2016 0:00,40896
,
11/2/2016 0:00,42122
,
11/3/2016 0:00,40174
,
11/4/2016 0:00,38557
,
11/5/2016 0:00,39658
,
11/6/2016 0:00,37019
,
11/7/2016 0:00,38913
,
11/8/2016 0:00,38436
,
11/9/2016 0:00,38750
,
11/10/2016 0:00,38622
,
11/11/2016 0:00,38350
,
11/12/2016 0:00,34359
,
11/13/2016 0:00,37644
,
11/14/2016 0:00,38029
,
11/15/2016 0:00,27851
,
11/16/2016 0:00,19297
,
11/17/2016 0:00,37666
,
11/18/2016 0:00,38089
,
11/19/2016 0:00,23206
,
11/20/2016 0:00,21425
,
11/21/2016 0:00,22928
,
11/22/2016 0:00,37510
,
11/23/2016 0:00,35217
,
11/24/2016 0:00,37470
,
11/25/2016 0:00,38220
,
11/26/2016 0:00,19811
,
11/27/2016 0:00,22143
,
11/28/2016 0:00,22317
,
11/29/2016 0:00,37105
,
11/30/2016 0:00,37498
,
12/1/2016 0:00,33933
,
12/2/2016 0:00,36716
,
12/3/2016 0:00,37029
,
12/4/2016 0:00,35925
,
12/5/2016 0:00,28934
,
12/6/2016 0:00,25200
,
12/7/2016 0:00,23644
,
12/8/2016 0:00,33820
,
12/9/2016 0:00,26348
,
12/10/2016 0:00,18070
,
12/11/2016 0:00,23915
,
12/12/2016 0:00,25606
,
12/13/2016 0:00,27934
,
12/14/2016 0:00,29809
,
12/15/2016 0:00,17459
,
12/16/2016 0:00,6119
,
12/17/2016 0:00,36311
,
12/18/2016 0:00,36808
,
12/19/2016 0:00,37095
,
12/20/2016 0:00,30320
,
12/21/2016 0:00,11018
,
12/22/2016 0:00,7151
,
12/23/2016 0:00,10610
,
12/24/2016 0:00,30896
,
12/25/2016 0:00,33182
,
12/26/2016 0:00,27668
,
12/27/2016 0:00,34832
,
12/28/2016 0:00,34470
,
12/29/2016 0:00,33992
,
12/30/2016 0:00,7188
,
12/31/2016 0:00,5291
,
1/1/2017 0:00,30215
,
1/2/2017 0:00,16165
,
1/3/2017 0:00,15005
,
1/4/2017 0:00,34731
,
1/5/2017 0:00,6584
,
1/6/2017 0:00,31465
,
1/7/2017 0:00,26598
,
1/8/2017 0:00,32923
,
1/9/2017 0:00,10103
,
1/10/2017 0:00,29772
,
1/11/2017 0:00,9733
,
1/12/2017 0:00,9035
,
1/13/2017 0:00,16324
,
1/14/2017 0:00,36060
,
1/15/2017 0:00,19542
,
1/16/2017 0:00,33638
,
1/17/2017 0:00,37848
,
1/18/2017 0:00,24693
,
1/19/2017 0:00,26460
,
1/20/2017 0:00,4338
,
1/21/2017 0:00,33966
,
1/22/2017 0:00,5675
,
1/23/2017 0:00,13300
,
1/24/2017 0:00,30598
,
1/25/2017 0:00,41140
,
1/26/2017 0:00,40452
,
1/27/2017 0:00,41702
,
1/28/2017 0:00,41621
,
1/29/2017 0:00,41132
,
1/30/2017 0:00,41499
,
1/31/2017 0:00,41127
,
2/1/2017 0:00,40405
,
2/2/2017 0:00,32346
,
2/3/2017 0:00,21420
,
2/4/2017 0:00,37126
,
2/5/2017 0:00,12420
,
2/6/2017 0:00,5752
,
2/7/2017 0:00,21979
,
2/8/2017 0:00,34208
,
2/9/2017 0:00,36521
,
2/10/2017 0:00,15782
,
2/11/2017 0:00,16205
,
2/12/2017 0:00,43931
,
2/13/2017 0:00,41171
,
2/14/2017 0:00,34573
,
2/15/2017 0:00,44380
,
2/16/2017 0:00,37098
,
2/17/2017 0:00,6478
,
2/18/2017 0:00,19615
,
2/19/2017 0:00,23643
,
2/20/2017 0:00,41088
,
2/21/2017 0:00,37290
,
2/22/2017 0:00,37310
,
2/23/2017 0:00,49730
,
2/24/2017 0:00,49012
,
2/25/2017 0:00,45478
,
2/26/2017 0:00,27571
,
2/27/2017 0:00,3149
,
2/28/2017 0:00,46427
,
3/1/2017 0:00,49832
,
3/2/2017 0:00,50283
,
3/3/2017 0:00,49664
,
3/4/2017 0:00,33615
,
3/5/2017 0:00,27708
,
3/6/2017 0:00,52232
,
3/7/2017 0:00,50789
,
3/8/2017 0:00,50170
,
3/9/2017 0:00,50319
,
3/10/2017 0:00,45802
,
3/11/2017 0:00,51258
,
3/12/2017 0:00,49523
,
3/13/2017 0:00,51458
,
3/14/2017 0:00,48224
,
3/15/2017 0:00,49397
,
3/16/2017 0:00,49091
,
3/17/2017 0:00,51450
,
3/18/2017 0:00,43907
,
3/19/2017 0:00,49688
,
3/20/2017 0:00,36232
,
3/21/2017 0:00,37036
,
3/22/2017 0:00,32735
,
3/23/2017 0:00,49111
,
3/24/2017 0:00,54166
,
3/25/2017 0:00,44380
,
3/26/2017 0:00,40870
,
3/27/2017 0:00,40703
,
3/28/2017 0:00,54926
,
3/29/2017 0:00,54911
,
3/30/2017 0:00,47616
,
3/31/2017 0:00,55511
,
4/1/2017 0:00,55145
,
4/2/2017 0:00,54953
,
4/3/2017 0:00,46557
,
4/4/2017 0:00,55041
,
4/5/2017 0:00,54648
,
4/6/2017 0:00,49062
,
4/7/2017 0:00,51525
,
4/8/2017 0:00,45056
,
4/9/2017 0:00,52197
,
4/10/2017 0:00,56176
,
4/11/2017 0:00,54895
,
4/12/2017 0:00,56881
,
4/13/2017 0:00,55767
,
4/14/2017 0:00,58124
,
4/15/2017 0:00,57167
,
4/16/2017 0:00,57775
,
4/17/2017 0:00,53857
,
4/18/2017 0:00,44876
,
4/19/2017 0:00,52769
,
4/20/2017 0:00,58849
,
4/21/2017 0:00,56574
,
4/22/2017 0:00,56311
,
4/23/2017 0:00,57131
,
4/24/2017 0:00,47792
,
4/25/2017 0:00,46231
,
4/26/2017 0:00,55261
,
4/27/2017 0:00,35720
,
4/28/2017 0:00,55635
,
4/29/2017 0:00,59098
,
4/30/2017 0:00,58974
,
5/1/2017 0:00,57915
,
5/2/2017 0:00,57999
,
5/3/2017 0:00,56484
,
5/4/2017 0:00,52927
,
5/5/2017 0:00,12185
,
5/6/2017 0:00,17530
,
5/7/2017 0:00,22088
,
5/8/2017 0:00,59024
,
5/9/2017 0:00,27644
,
5/10/2017 0:00,21487
,
5/11/2017 0:00,53273
,
5/12/2017 0:00,24972
,
5/13/2017 0:00,59138
,
5/14/2017 0:00,57211
,
5/15/2017 0:00,48344
,
5/16/2017 0:00,50184
,
5/17/2017 0:00,46672
,
5/18/2017 0:00,60345
,
5/19/2017 0:00,60249
,
5/20/2017 0:00,60064
,
5/21/2017 0:00,59871
,
5/22/2017 0:00,59645
,
5/23/2017 0:00,48262
,
5/24/2017 0:00,42947
,
5/25/2017 0:00,41300
,
5/26/2017 0:00,51704
,
5/27/2017 0:00,57293
,
5/28/2017 0:00,57360
,
5/29/2017 0:00,23573
,
5/30/2017 0:00,25188
,
5/31/2017 0:00,15808
,
6/1/2017 0:00,29693
,
6/2/2017 0:00,48238
,
6/3/2017 0:00,45511
,
6/4/2017 0:00,34013
,
6/5/2017 0:00,25414
,
6/6/2017 0:00,15009
,
6/7/2017 0:00,21736
,
6/8/2017 0:00,44665
,
6/9/2017 0:00,59990
,
6/10/2017 0:00,44664
,
6/11/2017 0:00,45802
,
6/12/2017 0:00,62444
,
6/13/2017 0:00,61974
,
6/14/2017 0:00,61206
,
6/15/2017 0:00,61233
,
6/16/2017 0:00,59487
,
6/17/2017 0:00,60566
,
6/18/2017 0:00,60201
,
6/19/2017 0:00,59998
,
6/20/2017 0:00,58536
,
6/21/2017 0:00,58574
,
6/22/2017 0:00,47588
,
6/23/2017 0:00,39973
,
6/24/2017 0:00,54516
,
6/25/2017 0:00,59177
,
6/26/2017 0:00,58734
,
6/27/2017 0:00,60598
,
6/28/2017 0:00,59702
,
6/29/2017 0:00,60531
,
6/30/2017 0:00,57573
,
7/1/2017 0:00,47914
,
7/2/2017 0:00,58612
,
7/3/2017 0:00,57938
,
7/4/2017 0:00,56661
,
7/5/2017 0:00,56528
,
7/6/2017 0:00,53656
,
7/7/2017 0:00,56499
,
7/8/2017 0:00,43731
,
7/9/2017 0:00,42622
,
7/10/2017 0:00,55861
,
7/11/2017 0:00,55648
,
7/12/2017 0:00,56267
,
7/13/2017 0:00,52762
,
7/14/2017 0:00,52891
,
7/15/2017 0:00,54856
,
7/16/2017 0:00,50125
,
7/17/2017 0:00,50392
,
7/18/2017 0:00,53737
,
7/19/2017 0:00,37321
,
7/20/2017 0:00,54833
,
7/21/2017 0:00,55633
,
7/22/2017 0:00,54238
,
7/23/2017 0:00,54028
,
7/24/2017 0:00,44794
,
7/25/2017 0:00,23115
,
7/26/2017 0:00,42886
,
7/27/2017 0:00,52901
,
7/28/2017 0:00,39173
,
7/29/2017 0:00,49858
,
7/30/2017 0:00,51043
,
7/31/2017 0:00,50573
,
8/1/2017 0:00,49512
,
8/2/2017 0:00,26284
,
8/3/2017 0:00,52338
,
8/4/2017 0:00,51061
,
8/5/2017 0:00,53866
,
8/6/2017 0:00,51962
,
8/7/2017 0:00,53306
,
8/8/2017 0:00,52963
,
8/9/2017 0:00,56033
,
8/10/2017 0:00,54086
,
8/11/2017 0:00,47262
,
8/12/2017 0:00,49287
,
8/13/2017 0:00,55087
,
8/14/2017 0:00,55148
,
8/15/2017 0:00,20267
,
8/16/2017 0:00,56760
,
8/17/2017 0:00,55298
,
8/18/2017 0:00,53309
,
8/19/2017 0:00,44274
,
8/20/2017 0:00,44760
,
8/21/2017 0:00,50805
,
8/22/2017 0:00,44527
,
8/23/2017 0:00,11378
,
8/24/2017 0:00,14633
,
8/25/2017 0:00,32156
,
8/26/2017 0:00,50111
,
8/27/2017 0:00,46282
,
8/28/2017 0:00,50866
,
8/29/2017 0:00,49166
,
8/30/2017 0:00,50091
,
8/31/2017 0:00,47468
,
9/1/2017 0:00,45666
,
9/2/2017 0:00,48412
,
9/3/2017 0:00,23951
,
9/4/2017 0:00,19323
,
9/5/2017 0:00,42090
,
9/6/2017 0:00,49382
,
9/7/2017 0:00,49019
,
9/8/2017 0:00,42928
,
9/9/2017 0:00,47048
,
9/10/2017 0:00,46091
,
9/11/2017 0:00,50592
,
9/12/2017 0:00,38355
,
9/13/2017 0:00,38361
,
9/14/2017 0:00,38261
,
9/15/2017 0:00,38233
,
9/16/2017 0:00,35638
,
9/17/2017 0:00,28988
,
9/18/2017 0:00,35546
,
9/19/2017 0:00,44475
,
9/20/2017 0:00,35964
,
9/21/2017 0:00,25221
,
9/22/2017 0:00,48991
,
9/23/2017 0:00,49487
,
9/24/2017 0:00,52224
,
9/25/2017 0:00,49192
,
9/26/2017 0:00,48908
,
9/27/2017 0:00,49103
,
9/28/2017 0:00,48859
,
9/29/2017 0:00,48001
,
9/30/2017 0:00,47439
,
10/1/2017 0:00,46853
,
10/2/2017 0:00,39713
,
10/3/2017 0:00,39468
,
10/4/2017 0:00,49010
,
10/5/2017 0:00,48583
,
10/6/2017 0:00,47522
,
10/7/2017 0:00,46968
,
10/8/2017 0:00,46823
,
10/9/2017 0:00,44976
,
10/10/2017 0:00,46654
,
10/11/2017 0:00,43976
,
10/12/2017 0:00,42910
,
10/13/2017 0:00,42436
,
10/14/2017 0:00,44180
,
10/15/2017 0:00,43634
,
10/16/2017 0:00,42910
,
10/17/2017 0:00,40217
,
10/18/2017 0:00,41466
,
10/19/2017 0:00,26013
,
10/20/2017 0:00,19895
,
10/21/2017 0:00,42166
,
10/22/2017 0:00,42122
,
10/23/2017 0:00,41338
,
10/24/2017 0:00,39776
,
10/25/2017 0:00,40260
,
10/26/2017 0:00,39863
,
10/27/2017 0:00,39931
,
10/28/2017 0:00,38596
,
10/29/2017 0:00,26614
,
10/30/2017 0:00,8467
,
10/31/2017 0:00,10546
,
11/1/2017 0:00,24758
,
11/2/2017 0:00,27424
,
11/3/2017 0:00,26105
,
11/4/2017 0:00,38013
,
11/5/2017 0:00,33987
,
11/6/2017 0:00,29424
,
11/7/2017 0:00,18619
,
11/8/2017 0:00,20423
,
11/9/2017 0:00,32761
,
11/10/2017 0:00,33532
,
11/11/2017 0:00,36487
,
11/12/2017 0:00,16495
,
11/13/2017 0:00,26890
,
11/14/2017 0:00,32696
,
11/15/2017 0:00,21231
,
11/16/2017 0:00,25899
,
11/17/2017 0:00,17435
,
11/18/2017 0:00,36509
,
11/19/2017 0:00,33583
,
11/20/2017 0:00,33469
,
11/21/2017 0:00,34216
,
11/22/2017 0:00,34622
,
11/23/2017 0:00,34729
,
11/24/2017 0:00,34504
,
11/25/2017 0:00,35354
,
11/26/2017 0:00,29797
,
11/27/2017 0:00,21400
,
11/28/2017 0:00,22351
,
11/29/2017 0:00,26275
,
11/30/2017 0:00,13015
,
12/1/2017 0:00,34175
,
12/2/2017 0:00,32558
,
12/3/2017 0:00,29814
,
12/4/2017 0:00,31536
,
12/5/2017 0:00,32704
,
12/6/2017 0:00,34785
,
12/7/2017 0:00,34425
,
12/8/2017 0:00,28559
,
12/9/2017 0:00,29190
,
12/10/2017 0:00,21824
,
12/11/2017 0:00,33639
,
12/12/2017 0:00,34867
,
12/13/2017 0:00,34411
,
12/14/2017 0:00,31001
,
12/15/2017 0:00,34049
,
12/16/2017 0:00,21157
,
12/17/2017 0:00,32162
,
12/18/2017 0:00,31982
,
12/19/2017 0:00,32520
,
12/20/2017 0:00,27529
,
12/21/2017 0:00,35839
,
12/22/2017 0:00,33806
,
12/23/2017 0:00,27063
,
12/24/2017 0:00,35005
,
12/25/2017 0:00,33737
,
12/26/2017 0:00,29107
,
12/27/2017 0:00,33609
,
12/28/2017 0:00,33552
,
12/29/2017 0:00,34581
,
12/30/2017 0:00,33292
,
12/31/2017 0:00,22932
,
1/1/2018 0:00,27202
,
1/2/2018 0:00,33927
,
1/3/2018 0:00,12869
,
1/4/2018 0:00,32906
,
1/5/2018 0:00,29945
,
1/6/2018 0:00,18862
,
1/7/2018 0:00,23583
,
1/8/2018 0:00,8159
,
1/9/2018 0:00,12252
,
1/10/2018 0:00,20185
,
1/11/2018 0:00,35686
,
1/12/2018 0:00,34690
,
1/13/2018 0:00,35430
,
1/14/2018 0:00,32303
,
1/15/2018 0:00,30744
,
1/16/2018 0:00,29233
,
1/17/2018 0:00,34097
,
1/18/2018 0:00,29815
,
1/19/2018 0:00,19848
,
1/20/2018 0:00,37582
,
1/21/2018 0:00,35760
,
1/22/2018 0:00,38666
,
1/23/2018 0:00,38450
,
1/24/2018 0:00,37923
,
1/25/2018 0:00,33158
,
1/26/2018 0:00,38972
,
1/27/2018 0:00,38037
,
1/28/2018 0:00,38747
,
1/29/2018 0:00,38249
,
1/30/2018 0:00,23049
,
1/31/2018 0:00,39135
,
2/1/2018 0:00,38806
,
2/2/2018 0:00,37993
,
2/3/2018 0:00,39543
,
2/4/2018 0:00,39424
,
2/5/2018 0:00,39658
,
2/6/2018 0:00,40821
,
2/7/2018 0:00,41245
,
2/8/2018 0:00,41217
,
2/9/2018 0:00,41916
,
2/10/2018 0:00,19335
,
2/11/2018 0:00,37271
,
2/12/2018 0:00,24090
,
2/13/2018 0:00,38508
,
2/14/2018 0:00,33317
,
2/15/2018 0:00,42058
,
2/16/2018 0:00,44115
,
2/17/2018 0:00,38590
,
2/18/2018 0:00,43066
,
2/19/2018 0:00,44453
,
2/20/2018 0:00,47897
,
2/21/2018 0:00,32353
,
2/22/2018 0:00,32156
,
2/23/2018 0:00,47106
,
2/24/2018 0:00,48947
,
2/25/2018 0:00,48423
,
2/26/2018 0:00,47022
,
2/27/2018 0:00,46056
,
2/28/2018 0:00,46681
,
3/1/2018 0:00,49340
,
3/2/2018 0:00,48601
,
3/3/2018 0:00,30393
,
3/4/2018 0:00,47359
,
3/5/2018 0:00,47180
,
3/6/2018 0:00,50546
,
3/7/2018 0:00,31972
,
3/8/2018 0:00,38440
,
3/9/2018 0:00,38862
,
3/10/2018 0:00,7002
,
3/11/2018 0:00,44547
,
3/12/2018 0:00,31059
,
3/13/2018 0:00,27500
,
3/14/2018 0:00,43793
,
3/15/2018 0:00,48762
,
3/16/2018 0:00,47445
,
3/17/2018 0:00,43298
,
3/18/2018 0:00,45718
,
3/19/2018 0:00,51564
,
3/20/2018 0:00,41944
,
3/21/2018 0:00,40895
,
3/22/2018 0:00,10749
,
3/23/2018 0:00,37668
,
3/24/2018 0:00,50055
,
3/25/2018 0:00,51537
,
3/26/2018 0:00,53921
,
3/27/2018 0:00,55631
,
3/28/2018 0:00,53304
,
3/29/2018 0:00,57667
,
3/30/2018 0:00,51583
,
3/31/2018 0:00,43934
,
4/1/2018 0:00,36291
,
4/2/2018 0:00,18748
,
4/3/2018 0:00,48113
,
4/4/2018 0:00,18288
,
4/5/2018 0:00,46357
,
4/6/2018 0:00,49902
,
4/7/2018 0:00,39739
,
4/8/2018 0:00,53278
,
4/9/2018 0:00,54564
,
4/10/2018 0:00,55013
,
4/11/2018 0:00,55087
,
4/12/2018 0:00,53472
,
4/13/2018 0:00,56773
,
4/14/2018 0:00,56993
,
4/15/2018 0:00,45060
,
4/16/2018 0:00,47851
,
4/17/2018 0:00,58944
,
4/18/2018 0:00,58361
,
4/19/2018 0:00,46798
,
4/20/2018 0:00,58935
,
4/21/2018 0:00,47652
,
4/22/2018 0:00,57827
,
4/23/2018 0:00,54099
,
4/24/2018 0:00,52746
,
4/25/2018 0:00,58502
,
4/26/2018 0:00,56213
,
4/27/2018 0:00,53201
,
4/28/2018 0:00,58775
,
4/29/2018 0:00,50745
,
4/30/2018 0:00,27150
,
5/1/2018 0:00,27132
,
5/2/2018 0:00,28610
,
5/3/2018 0:00,59405
,
5/4/2018 0:00,59428
,
5/5/2018 0:00,58883
,
5/6/2018 0:00,58929
,
5/7/2018 0:00,60698
,
5/8/2018 0:00,55867
,
5/9/2018 0:00,58274
,
5/10/2018 0:00,51181
,
5/11/2018 0:00,12866
,
5/12/2018 0:00,37627
,
5/13/2018 0:00,53909
,
5/14/2018 0:00,48852
,
5/15/2018 0:00,55652
,
5/16/2018 0:00,57058
,
5/17/2018 0:00,49491
,
5/18/2018 0:00,26598
,
5/19/2018 0:00,17106
,
5/20/2018 0:00,14630
,
5/21/2018 0:00,25246
,
5/22/2018 0:00,39521
,
5/23/2018 0:00,28949
,
5/24/2018 0:00,20540
,
5/25/2018 0:00,57519
,
5/26/2018 0:00,49397
,
5/27/2018 0:00,55727
,
5/28/2018 0:00,42061
,
5/29/2018 0:00,27277
,
5/30/2018 0:00,37951
,
5/31/2018 0:00,40083
,
6/1/2018 0:00,61374
,
6/2/2018 0:00,59833
,
6/3/2018 0:00,60330
,
6/4/2018 0:00,52391
,
6/5/2018 0:00,48041
,
6/6/2018 0:00,53054
,
6/7/2018 0:00,60650
,
6/8/2018 0:00,60650
,
6/9/2018 0:00,59603
,
6/10/2018 0:00,60583
,
6/11/2018 0:00,59756
,
6/12/2018 0:00,58645
,
6/13/2018 0:00,60363
,
6/14/2018 0:00,55628
,
6/15/2018 0:00,57703
,
6/16/2018 0:00,33261
,
6/17/2018 0:00,28671
,
6/18/2018 0:00,74474
,
6/19/2018 0:00,50711
,
6/20/2018 0:00,39900
,
6/21/2018 0:00,46527
,
6/22/2018 0:00,53413
,
6/23/2018 0:00,34142
,
6/24/2018 0:00,58991
,
6/25/2018 0:00,61022
,
6/26/2018 0:00,60249
,
6/27/2018 0:00,59492
,
6/28/2018 0:00,59037
,
6/29/2018 0:00,52056
,
6/30/2018 0:00,58881
,
7/1/2018 0:00,58546
,
7/2/2018 0:00,58661
,
7/3/2018 0:00,57389
,
7/4/2018 0:00,58320
,
7/5/2018 0:00,58656
,
7/6/2018 0:00,50946
,
7/7/2018 0:00,50257
,
7/8/2018 0:00,52654
,
7/9/2018 0:00,24059
,
7/10/2018 0:00,28759
,
7/11/2018 0:00,55440
,
7/12/2018 0:00,55933
,
7/13/2018 0:00,47905
,
7/14/2018 0:00,53670
,
7/15/2018 0:00,55159
,
7/16/2018 0:00,52439
,
7/17/2018 0:00,28201
,
7/18/2018 0:00,40495
,
7/19/2018 0:00,55343
,
7/20/2018 0:00,44085
,
7/21/2018 0:00,51464
,
7/22/2018 0:00,55470
,
7/23/2018 0:00,55267
,
7/24/2018 0:00,54746
,
7/25/2018 0:00,51343
,
7/26/2018 0:00,50398
,
7/27/2018 0:00,48308
,
7/28/2018 0:00,51427
,
7/29/2018 0:00,50342
,
7/30/2018 0:00,54180
,
7/31/2018 0:00,52410
,
8/1/2018 0:00,53439
,
8/2/2018 0:00,52712
,
8/3/2018 0:00,53630
,
8/4/2018 0:00,54882
,
8/5/2018 0:00,55464
,
8/6/2018 0:00,55297
,
8/7/2018 0:00,53310
,
8/8/2018 0:00,53074
,
8/9/2018 0:00,42064
,
8/10/2018 0:00,50185
,
8/11/2018 0:00,50422
,
8/12/2018 0:00,52658
,
8/13/2018 0:00,53802
,
8/14/2018 0:00,46859
,
8/15/2018 0:00,36103
,
8/16/2018 0:00,37712
,
8/17/2018 0:00,47159
,
8/18/2018 0:00,42299
,
8/19/2018 0:00,52131
,
8/20/2018 0:00,44780
,
8/21/2018 0:00,50551
,
8/22/2018 0:00,52267
,
8/23/2018 0:00,51103
,
8/24/2018 0:00,39209
,
8/25/2018 0:00,49666
,
8/26/2018 0:00,49100
,
8/27/2018 0:00,53134
,
8/28/2018 0:00,50533
,
8/29/2018 0:00,51506
,
8/30/2018 0:00,53321
,
8/31/2018 0:00,52075
,
9/1/2018 0:00,50121
,
9/2/2018 0:00,40398
,
9/3/2018 0:00,15307
,
9/4/2018 0:00,9800
,
9/5/2018 0:00,47052
,
9/6/2018 0:00,36594
,
9/7/2018 0:00,48617
,
9/8/2018 0:00,45100
,
9/9/2018 0:00,52267
,
9/10/2018 0:00,52415
,
9/11/2018 0:00,51039
,
9/12/2018 0:00,50869
,
9/13/2018 0:00,51163
,
9/14/2018 0:00,50386
,
9/15/2018 0:00,49255
,
9/16/2018 0:00,49908
,
9/17/2018 0:00,50429
,
9/18/2018 0:00,51063
,
9/19/2018 0:00,50686
,
9/20/2018 0:00,44147
,
9/21/2018 0:00,45246
,
9/22/2018 0:00,46734
,
9/23/2018 0:00,43127
,
9/24/2018 0:00,9397
,
9/25/2018 0:00,34204
,
9/26/2018 0:00,29289
,
9/27/2018 0:00,40319
,
9/28/2018 0:00,39152
,
9/29/2018 0:00,46163
,
9/30/2018 0:00,41552
,
10/1/2018 0:00,28273
,
10/2/2018 0:00,32002
,
10/3/2018 0:00,29837
,
10/4/2018 0:00,40694
,
10/5/2018 0:00,37477
,
10/6/2018 0:00,24799
,
10/7/2018 0:00,38957
,
10/8/2018 0:00,41076
,
10/9/2018 0:00,43550
,
10/10/2018 0:00,42242
,
10/11/2018 0:00,33913
,
10/12/2018 0:00,37513
,
10/13/2018 0:00,21013
,
10/14/2018 0:00,36605
,
10/15/2018 0:00,45806
,
10/16/2018 0:00,46357
,
10/17/2018 0:00,44796
,
10/18/2018 0:00,44127
,
10/19/2018 0:00,43942
,
10/20/2018 0:00,43140
,
10/21/2018 0:00,43014
,
10/22/2018 0:00,33875
,
10/23/2018 0:00,30675
,
10/24/2018 0:00,35764
,
10/25/2018 0:00,33777
,
10/26/2018 0:00,40916
,
10/27/2018 0:00,41311
,
10/28/2018 0:00,29545
,
10/29/2018 0:00,25986
,
10/30/2018 0:00,37138
,
10/31/2018 0:00,40267
,
11/1/2018 0:00,35488
,
11/2/2018 0:00,39615
,
11/3/2018 0:00,39165
,
11/4/2018 0:00,31402
,
11/5/2018 0:00,36541
,
11/6/2018 0:00,36124
,
11/7/2018 0:00,28130
,
11/8/2018 0:00,36217
,
11/9/2018 0:00,39107
,
11/10/2018 0:00,38895
,
11/11/2018 0:00,34973
,
11/12/2018 0:00,38779
,
11/13/2018 0:00,36978
,
11/14/2018 0:00,36992
,
11/15/2018 0:00,30160
,
11/16/2018 0:00,36619
,
11/17/2018 0:00,31118
,
11/18/2018 0:00,34989
,
11/19/2018 0:00,22423
,
11/20/2018 0:00,34606
,
11/21/2018 0:00,31473
,
11/22/2018 0:00,29671
,
11/23/2018 0:00,33791
,
11/24/2018 0:00,30123
,
11/25/2018 0:00,35399
,
11/26/2018 0:00,35955
,
11/27/2018 0:00,33986
,
11/28/2018 0:00,27563
,
11/29/2018 0:00,12346
,
11/30/2018 0:00,24362
,
12/1/2018 0:00,31403
,
12/2/2018 0:00,38108
,
12/3/2018 0:00,35780
,
12/4/2018 0:00,31833
,
12/5/2018 0:00,6083
,
12/6/2018 0:00,10865
,
12/7/2018 0:00,34525
,
12/8/2018 0:00,34982
,
12/9/2018 0:00,27070
,
12/10/2018 0:00,12751
,
12/11/2018 0:00,32033
,
12/12/2018 0:00,31656
,
12/13/2018 0:00,34547
,
12/14/2018 0:00,13539
,
12/15/2018 0:00,34492
,
12/16/2018 0:00,33657
,
12/17/2018 0:00,24441
,
12/18/2018 0:00,32619
,
12/19/2018 0:00,34127
,
12/20/2018 0:00,31391
,
12/21/2018 0:00,14485
,
12/22/2018 0:00,31154
,
12/23/2018 0:00,29290
,
12/24/2018 0:00,31442
,
12/25/2018 0:00,15194
,
12/26/2018 0:00,34607
,
12/27/2018 0:00,31172
,
12/28/2018 0:00,36233
,
12/29/2018 0:00,35879
,
12/30/2018 0:00,35003
,
12/31/2018 0:00,10394
,
1/1/2019 0:00,37307
,
1/2/2019 0:00,36848
,
1/3/2019 0:00,36070
,
1/4/2019 0:00,37599
,
1/5/2019 0:00,6286
,
1/6/2019 0:00,29266
,
1/7/2019 0:00,34917
,
1/8/2019 0:00,30213
,
1/9/2019 0:00,34873
,
1/10/2019 0:00,29604
,
1/11/2019 0:00,25737
,
1/12/2019 0:00,21774
,
1/13/2019 0:00,23804
,
1/14/2019 0:00,7569
,
1/15/2019 0:00,16321
,
1/16/2019 0:00,21729
,
1/17/2019 0:00,4766
,
1/18/2019 0:00,28194
,
1/19/2019 0:00,37580
,
1/20/2019 0:00,27677
,
1/21/2019 0:00,39132
,
1/22/2019 0:00,38355
,
1/23/2019 0:00,39613
,
1/24/2019 0:00,33339
,
1/25/2019 0:00,39583
,
1/26/2019 0:00,36927
,
1/27/2019 0:00,38939
,
1/28/2019 0:00,27452
,
1/29/2019 0:00,33789
,
1/30/2019 0:00,29761
,
1/31/2019 0:00,8232
,
2/1/2019 0:00,26159
,
2/2/2019 0:00,5614
,
2/3/2019 0:00,29728
,
2/4/2019 0:00,23235
,
2/5/2019 0:00,21792
,
2/6/2019 0:00,42909
,
2/7/2019 0:00,43379
,
2/8/2019 0:00,42297
,
2/9/2019 0:00,29762
,
2/10/2019 0:00,23952
,
2/11/2019 0:00,44480
,
2/12/2019 0:00,36924
,
2/13/2019 0:00,12540
,
2/14/2019 0:00,2280
,
2/15/2019 0:00,30390
,
2/16/2019 0:00,40595
,
2/17/2019 0:00,31264
,
2/18/2019 0:00,47503
,
2/19/2019 0:00,47737
,
2/20/2019 0:00,18894
,
2/21/2019 0:00,29813
,
2/22/2019 0:00,47610
,
2/23/2019 0:00,50218
,
2/24/2019 0:00,46606
,
2/25/2019 0:00,46942
,
2/26/2019 0:00,31228
,
2/27/2019 0:00,47116
,
2/28/2019 0:00,44370
,
3/1/2019 0:00,27542
,
3/2/2019 0:00,11219
,
3/3/2019 0:00,32184
,
3/4/2019 0:00,29269
,
3/5/2019 0:00,35604
,
3/6/2019 0:00,9982
,
3/7/2019 0:00,40728
,
3/8/2019 0:00,46184
,
3/9/2019 0:00,48173
,
3/10/2019 0:00,40716
,
3/11/2019 0:00,15345
,
3/12/2019 0:00,50372
,
3/13/2019 0:00,50690
,
3/14/2019 0:00,52219
,
3/15/2019 0:00,50498
,
3/16/2019 0:00,52122
,
3/17/2019 0:00,51271
,
3/18/2019 0:00,52246
,
3/19/2019 0:00,44586
,
3/20/2019 0:00,30914
,
3/21/2019 0:00,34037
,
3/22/2019 0:00,51915
,
3/23/2019 0:00,45303
,
3/24/2019 0:00,51869
,
3/25/2019 0:00,53722
,
3/26/2019 0:00,43493
,
3/27/2019 0:00,47118
,
3/28/2019 0:00,52344
,
3/29/2019 0:00,53760
,
3/30/2019 0:00,55011
,
3/31/2019 0:00,51248
,
4/1/2019 0:00,50879
,
4/2/2019 0:00,51855
,
4/3/2019 0:00,42143
,
4/4/2019 0:00,38713
,
4/5/2019 0:00,35624
,
4/6/2019 0:00,53850
,
4/7/2019 0:00,54992
,
4/8/2019 0:00,50929
,
4/9/2019 0:00,34062
,
4/10/2019 0:00,58312
,
4/11/2019 0:00,49383
,
4/12/2019 0:00,55413
,
4/13/2019 0:00,57063
,
4/14/2019 0:00,54898
,
4/15/2019 0:00,47226
,
4/16/2019 0:00,32971
,
4/17/2019 0:00,67457
,
4/18/2019 0:00,56692
,
4/19/2019 0:00,45252
,
4/20/2019 0:00,30053
,
4/21/2019 0:00,51449
,
4/22/2019 0:00,57806
,
4/23/2019 0:00,55014
,
4/24/2019 0:00,19959
,
4/25/2019 0:00,91454
,
4/26/2019 0:00,48398
,
4/27/2019 0:00,48123
,
4/28/2019 0:00,37304
,
4/29/2019 0:00,29542
,
4/30/2019 0:00,24282
,
5/1/2019 0:00,47820
,
5/2/2019 0:00,46676
,
5/3/2019 0:00,46123
,
5/4/2019 0:00,54132
,
5/5/2019 0:00,55158
,
5/6/2019 0:00,54052
,
5/7/2019 0:00,40338
,
5/8/2019 0:00,12449
,
5/9/2019 0:00,29077
,
5/10/2019 0:00,25092
,
5/11/2019 0:00,49794
,
5/12/2019 0:00,50090
,
5/13/2019 0:00,26072
,
5/14/2019 0:00,47836
,
5/15/2019 0:00,19461
,
5/16/2019 0:00,43701
,
5/17/2019 0:00,57244
,
5/18/2019 0:00,55005
,
5/19/2019 0:00,31375
,
5/20/2019 0:00,51196
,
5/21/2019 0:00,39014
,
5/22/2019 0:00,27138
,
5/23/2019 0:00,68695
,
5/24/2019 0:00,61112
,
5/25/2019 0:00,43071
,
5/26/2019 0:00,22065
,
5/27/2019 0:00,59241
,
5/28/2019 0:00,62236
,
5/29/2019 0:00,60051
,
5/30/2019 0:00,49138
,
5/31/2019 0:00,24552
,
6/1/2019 0:00,30809
,
6/2/2019 0:00,23236
,
6/3/2019 0:00,19042
,
6/4/2019 0:00,22128
,
6/5/2019 0:00,35006
,
6/6/2019 0:00,31655
,
6/7/2019 0:00,27262
,
6/8/2019 0:00,58880
,
6/9/2019 0:00,58720
,
6/10/2019 0:00,55897
,
6/11/2019 0:00,57090
,
6/12/2019 0:00,54908
,
6/13/2019 0:00,22733
,
6/14/2019 0:00,56872
,
6/15/2019 0:00,41199
,
6/16/2019 0:00,14276
,
6/17/2019 0:00,13844
,
6/18/2019 0:00,23781
,
6/19/2019 0:00,37152
,
6/20/2019 0:00,34520
,
6/21/2019 0:00,43747
,
6/22/2019 0:00,40275
,
6/23/2019 0:00,36458
,
6/24/2019 0:00,19113
,
6/25/2019 0:00,16413
,
6/26/2019 0:00,40524
,
6/27/2019 0:00,49202
,
6/28/2019 0:00,58996
,
6/29/2019 0:00,41235
,
6/30/2019 0:00,58164
,
7/1/2019 0:00,62853
,
7/2/2019 0:00,59522
,
7/3/2019 0:00,59221
,
7/4/2019 0:00,59166
,
7/5/2019 0:00,57260
,
7/6/2019 0:00,39746
,
7/7/2019 0:00,52667
,
7/8/2019 0:00,51018
,
7/9/2019 0:00,57705
,
7/10/2019 0:00,59583
,
7/11/2019 0:00,57925
,
7/12/2019 0:00,57171
,
7/13/2019 0:00,54855
,
7/14/2019 0:00,54164
,
7/15/2019 0:00,57741
,
7/16/2019 0:00,56713
,
7/17/2019 0:00,55936
,
7/18/2019 0:00,57666
,
7/19/2019 0:00,57344
,
7/20/2019 0:00,58478
,
Total,54084075
